{"cameraMode":{"drawMode":0,"name":"Shaded","section":"Shading Mode"},"sceneLighting":true,"audioPlay":false,"sceneViewState":{"m_AlwaysRefresh":false,"showFog":true,"showSkybox":true,"showFlares":true,"showImageEffects":true,"showParticleSystems":true,"showVisualEffectGraphs":true,"m_FxEnabled":true},"in2DMode":false,"pivot":{"x":-14.343594551086426,"y":10.286548614501954,"z":-26.581308364868165},"rotation":{"x":0.2753714323043823,"y":-0.012977967038750649,"z":0.003719090484082699,"w":0.9612515568733215},"size":5.445984840393066,"orthographic":true}