{"cameraMode":{"drawMode":0,"name":"Shaded","section":"Shading Mode"},"sceneLighting":true,"audioPlay":false,"sceneViewState":{"m_AlwaysRefresh":false,"showFog":true,"showSkybox":true,"showFlares":true,"showImageEffects":true,"showParticleSystems":true,"showVisualEffectGraphs":true,"m_FxEnabled":true},"in2DMode":false,"pivot":{"x":8.118732452392579,"y":16.728708267211915,"z":2.5018863677978517},"rotation":{"x":0.2592361271381378,"y":-0.3371570408344269,"z":0.09713362902402878,"w":0.8998265266418457},"size":17.605005264282228,"orthographic":true}