{"cameraMode":{"drawMode":0,"name":"Shaded","section":"Shading Mode"},"sceneLighting":true,"audioPlay":false,"sceneViewState":{"m_AlwaysRefresh":false,"showFog":true,"showSkybox":true,"showFlares":true,"showImageEffects":true,"showParticleSystems":true,"showVisualEffectGraphs":true,"m_FxEnabled":true},"in2DMode":false,"pivot":{"x":-0.9260590076446533,"y":-19.671451568603517,"z":-3.0561137199401857},"rotation":{"x":0.47798463702201846,"y":0.2257414609193802,"z":-0.12859177589416505,"w":0.8390758037567139},"size":22.597192764282228,"orthographic":false}